image_filename,mean_response_scaled,pred
claude-tousignant_monochrome-orang-1956.jpg,1.622727272727272,2.3905348777770996
joachim-patinir_landscape-with-the-flight-into-egypt.jpg,6.868,6.372780203819275
helen-frankenthaler_august-deep-1978.jpg,2.96842105263158,3.581848442554474
louise-elisabeth-vigee-le-brun_giuseppina-grassini-in-the-role-of-zaire-1804.jpg,6.7,5.8563584089279175
jo-baer_untitled-vertical-flanking-diptych-red-1974.jpg,1.3850000000000002,3.072536885738373
peter-paul-rubens_portrait-of-lady-arundel-with-her-train.jpg,6.456666666666666,5.416932702064514
howard-hodgkin_moroccan-door-1991.jpg,3.344444444444444,4.229507744312286
francisco-goya_still-life-of-sheep-s-ribs-and-head-the-butcher-s-conter-1812.jpg,2.9,4.380562007427216
john-miller_porthkidney-with-passing-yacht.jpg,7.373913043478261,6.216824650764465
henri-edmond-cross_the-maures.jpg,6.552941176470588,5.412777662277222
dan-christensen_yellow-bumper-1970.jpg,2.835,3.0778035521507263
jan-siberechts_a-pastoral-landscape-1684.jpg,7.004545454545454,6.760234236717224
bernardo-bellotto_the-ruins-of-the-old-kreuzkirche-dresden-1765.jpg,6.604761904761905,6.7536842823028564
olivier-debre_royau-bleu-vert.jpg,2.027272727272727,3.259502947330475
hiro-yamagata_not-detected-272396.jpg,7.2875,6.166611313819885
antoine-blanchard_la-rue-tronchet-paris(1).jpg,7.834782608695652,7.194762825965881
joan-mitchell_river-1989.jpg,3.088888888888889,4.145500361919403
gene-davis_hot-susan-1965.jpg,2.36,3.5348179936408997
george-morland_wooded-landscape-with-a-toll-gate.jpg,6.954166666666668,6.7191994190216064
joan-hernandez-pijuan_camins-1996.jpg,2.75,3.1305664777755737
derek-boshier_frightened-cowboy-1980.jpg,3.0384615384615383,4.367755353450775
emile-claus_the-caving-in-bank.jpg,6.457142857142857,6.470303535461426
helen-frankenthaler_untitled-1965.jpg,2.760869565217392,3.3551672101020813
ad-reinhardt_number-43-abstract-painting-yellow-1947.jpg,2.784210526315789,4.050814509391785
matej-sternen_le-e-i-akt-1914.jpg,3.315789474,4.980042576789856
edward-hopper_the-cat-boat.jpg,6.490909091000001,5.2805691957473755
hans-hofmann_shapes-in-black-1944.jpg,2.8666666666666667,4.258067309856415
helen-frankenthaler_making-music-2000.jpg,3.12,3.415612578392029
albrecht-durer_portrait-of-maximilian-i-1518.jpg,3.722727272727272,4.806805849075317
john-roddam-spencer-stanhope_charon-and-psyche-1883.jpg,6.287096774193548,5.889003872871399
jean-paul-riopelle_triptyque-orange.jpg,2.927272727272728,3.7347596883773804
jules-lefranc_un-coin-en-provence.jpg,6.613793103448275,6.360874176025391
neil-welliver_shadow.jpg,7.833333333333333,6.877379417419434
genevieve-asse_transparence-1980.jpg,2.307692307692307,2.7008676528930664
fyodor-rokotov_portrait-of-princess-a-a-dolgorukaya.jpg,6.415789473684211,5.079091787338257
pablo-picasso_female-nude-with-her-arms-raised.jpg,2.640909090909091,3.638308048248291
john-mclaughlin_untitled-1963(1).jpg,2.895454545454545,2.6256996393203735
aubrey-beardsley_adulterer-1897.jpg,2.29,4.5813000202178955
genevieve-asse_blue-composition.jpg,3.207142857142857,3.0611619353294373
amedeo-modigliani_caryatid.jpg,2.9521739130434783,4.406175017356873
nikolaos-gyzis_behold-the-celestial-bridegroom-cometh-1895.jpg,6.403125000000001,5.829482078552246
martiros-saryan_irises-and-poppies-1947.jpg,6.625,5.623347759246826
anders-zorn_in-wikstrom-studio-1889.jpg,6.4,5.417970418930054
nicholas-roerich_alps-study-1923.jpg,7.165217391304348,5.966421365737915
john-miller_tropical-beach.jpg,7.373076923076923,6.788250803947449
joan-snyder_perpetuo-eternally-2004.jpg,3.114285714285714,4.736884832382202
mary-fedden_untitled-1975.jpg,2.188,3.683781921863556
anne-truitt_truitt-84-1984.jpg,1.788461538461538,2.964816093444824
paul-reed_interchange-xx-1967.jpg,2.68,2.981935143470764
lawren-harris_afternoon-sun-lake-superior-1924.jpg,7.186956522,6.5733402967453
jamie-wyeth_brandywine-spider-1973.jpg,6.6,6.177685856819153
isaac-levitan_moonlit-night-a-village.jpg,6.980769230999999,6.589286923408508
richard-parkes-bonington_view-of-venice.jpg,6.325925925925926,6.47009551525116
konstantin-vasilyev_village-of-mari.jpg,6.425,6.375885605812073
conrad-marca-relli_summer-rain-j-l-11-1986.jpg,3.009523809523809,4.133520722389221
pierre-alechinsky_les-aiguilles-iii.jpg,3.15,4.240957200527191
genevieve-asse_notes-par-deux-2003.jpg,3.3625,3.077284097671509
franklin-carmichael_bisset-farm-1933.jpg,7.743478260869566,6.041059494018555
franklin-carmichael_lake-wabagishik-1928.jpg,6.6677419350000005,6.141383051872253
edouard-cortes_boulevard-de-la-madeleine-6.jpg,8.265217391304349,7.379223704338074
amedeo-modigliani_nude-with-hat.jpg,3.319230769230769,3.884860873222351
claude-monet_giverny-in-springtime-1900.jpg,6.685185185185185,6.167205572128296
max-beckmann_not-detected-259776.jpg,6.74,5.686836242675781
perle-fine_black-on-yellow-1952.jpg,2.938095238095238,3.2208222150802612
john-atkinson-grimshaw_lane-in-cheshire-1883.jpg,7.392857142857143,7.5318920612335205
corneliu-michailescu_still-life.jpg,3.523809523809524,3.8907116651535034
leonardo-da-vinci_the-lady-with-the-ermine-cecilia-gallerani-1496.jpg,6.572413793103448,5.4766058921813965
george-morland_the-approaching-storm.jpg,6.322727272727272,6.146661639213562
jury-annenkov_arc-de-triomphe-1929.jpg,6.586956522,5.943354964256287
oskar-kokoschka_portrait-of-lotte-franzos-1909.jpg,6.023809523809524,4.516864120960236
patrick-procktor_jimi-hendrix.jpg,2.8520000000000003,4.920559227466583
hans-hofmann_polynesian-1950.jpg,2.976923076923077,3.706039786338806
canaletto_san-giacomo-de-rialto.jpg,6.695652173913044,6.600432991981506
henri-rousseau_the-girl-with-a-doll-1905.jpg,2.75,3.606172502040863
henri-martin_the-pergola-1920.jpg,6.826315789473684,6.718835830688477
childe-hassam_columbus-avenue-rainy-day-1885.jpg,7.277777777777777,6.717281341552734
edward-hopper_first-branch-of-the-white-river-vermont.jpg,7.595000000000001,6.24605655670166
andre-derain_vista-de-saint-paul-de-vence-1910.jpg,7.174074074074075,5.89962363243103
peter-paul-rubens_bacchanale.jpg,3.468421052631579,4.6547675132751465
esteban-vicente_untitled-1988.jpg,2.995833333333332,3.925711512565613
annibale-carracci_jupiter-and-juno.jpg,6.522727272727273,5.489131212234497
henri-martin_terrace-in-the-rain-in-marquayrol.jpg,6.723076923076922,6.331479549407959
george-morland_landscape-1800.jpg,6.564285714285713,6.64639949798584
pablo-picasso_the-mackerel-1903.jpg,2.124324324324324,3.986911177635193
hans-hofmann_profound-longing-1965.jpg,2.612,3.9363303780555725
cy-twombly_untitled-1956-1.jpg,2.5,3.0398786067962646
anne-appleby_willow-1993.jpg,2.078947368421052,2.5085818767547607
konstantin-makovsky_model.jpg,6.1875,5.321527719497681
cy-twombly_untitled-2.jpg,2.8149999999999995,3.6939644813537598
george-morland_the-gravel-diggers.jpg,7.168000000000001,6.427607536315918
henri-fantin-latour_still-life-with-flowers-1862.jpg,6.742307692307692,6.10872209072113
lee-ufan_from-point-1976.jpg,3.163157894736842,3.648834228515625
cornelis-springer_city-view.jpg,6.560869565000001,7.0525288581848145
robert-ryman_wing.jpg,3.122222222222222,3.2317566871643066
jose-guerrero_franja-roja-y-amarilla-1975.jpg,2.9,3.331131637096405
lavinia-fontana_portrait-of-antonietta-gonzalez-1595.jpg,3.596296296296296,4.886426329612732
perle-fine_cool-series-no-29-cool-blue-cold-green-1963.jpg,2.674999999999999,3.4052371978759766
martiros-saryan_irises-1903.jpg,2.919047619047619,4.361265003681183
henri-fantin-latour_roses-in-a-glass-vase.jpg,6.484615384615385,6.131070852279663
edouard-cortes_rue-royale-madeleine-1.jpg,7.881818181818181,7.3186129331588745
arman-manookian_ricefields.jpg,6.133333333333334,5.746291279792786
henri-rousseau_the-mill-at-alfor-1905.jpg,7.292857142857143,6.420184373855591
albrecht-altdorfer_the-battle-of-issus-fragment-1529-6.jpg,6.509090908999999,6.891433596611023
ronald-davis_large-red-1965.jpg,2.292307692307692,3.1273290514945984
jamie-wyeth_boat-time-1976.jpg,7.245833333333333,5.90323269367218
orest-kiprensky_neapolitan-girl-with-the-fruits-1831.jpg,6.490322580645161,5.479221940040588
john-french-sloan_grassy-dunes-gloucester-1914.jpg,6.803846153846154,6.289130449295044
edouard-vuillard_seated-nude.jpg,6.311111111111112,5.035196542739868
canaletto_the-piazzet-looking-south-1727.jpg,7.052173913043478,6.868965029716492
patrick-procktor_corfu-1989.jpg,6.683333333333332,5.993712544441223
genevieve-asse_blue-depth-1978.jpg,2.7,3.2393988966941833
paul-signac_port-of-la-rochelle-1921.jpg,6.6875,6.065385937690735
milton-resnick_abstraction-1963.jpg,3.186363636363636,4.181351959705353
paul-signac_dutch-mill-at-edam.jpg,6.382352941000001,6.372380256652832
giorgione_the-sunset-1510(1).jpg,6.704761904761904,5.997467637062073
henri-martin_facade-of-the-house.jpg,6.778125,6.721473932266235
albert-marquet_le-jardin-du-luxembourg.jpg,7.917391304347826,6.78586483001709
jean-paul-lemieux_untitled-river-view-1956.jpg,7.4074074074074066,5.330401659011841
ilya-repin_portrait-of-yuriy-repin-the-artist-s-son-1882.jpg,6.6,5.505291223526001
cy-twombly_tiznit.jpg,3.142105263157895,3.5447534918785095
orest-kiprensky_standing-sitter-on-the-background-of-red-drapery-1802.jpg,6.5458333333333325,5.3656041622161865
perle-fine_tyranny-of-space-1946.jpg,2.813793103448276,3.8861089944839478
osias-beert_three-dishes-of-sweetmeats-and-chestnuts-with-three-glasses-on-a-table.jpg,6.341379310344828,5.470486283302307
giovanni-battista-tiepolo_portrait-of-the-procurator-dolfin.jpg,6.203846153846154,5.078692436218262
edgar-degas_nude.jpg,2.9258064516129028,3.5795173048973083
cy-twombly_the-geeks.jpg,2.654545454545455,3.2583612203598022
maurice-de-vlaminck_the-chatou-bridge-1907.jpg,6.931578947,4.936553239822388
joshua-reynolds_lady-elizabeth-compton.jpg,6.3625,5.92094361782074
gustav-klimt_schloss-kammer-am-attersee-ii-1909.jpg,6.473333333333333,5.718199014663696
fernand-leger_pylons-study-for-the-city.jpg,3.4875,4.5133256912231445
john-hoyland_29-03-60-1960.jpg,2.674999999999999,3.144752085208893
frederic-edwin-church_aurora-borealis-1865.jpg,7.977272727272727,6.836784482002258
mira-schendel_untitled-1963(1).jpg,3.0545454545454547,3.5939213633537292
janet-fish_herb-tea-1995.jpg,8.134782608695652,6.036958694458008
mark-rothko_untitled-1.jpg,3.0,3.3818355202674866
patrick-caulfield_bananas-and-leaves-1977.jpg,2.684210526315789,4.4917032122612
albrecht-durer_courtyard-of-the-former-castle-in-innsbruck-with-clouds-1494.jpg,6.865,6.399626731872559
mary-fedden_the-horse-mug-1991.jpg,3.2086956521739127,4.537797570228577
anna-ostroumova-lebedeva_neva-early-in-the-morning-1922.jpg,6.664705882,5.319962501525879
patrick-procktor_lion-rocks-garden-soochow-1980.jpg,6.754545454545456,6.032862067222595
keith-haring_portrait-of-macho-camacho-1985.jpg,3.085185185185185,4.187000095844269
georges-seurat_horse-cart-1884.jpg,6.34,5.803035497665405
jules-lefranc_la-riviere-dans-l-ile-de-france.jpg,6.879999999999999,5.943058729171753
hiro-yamagata_not-detected-272408.jpg,7.512,5.957154035568237
albrecht-durer_portrait-of-a-man-damia-van-der-goes.jpg,6.296296296296296,5.238965749740601
bernardo-bellotto_view-of-warsaw-from-praga-1770-1.jpg,7.595000000000001,6.863097548484802
morris-louis_dalet-tet-1959.jpg,1.3555555555555552,2.862701416015625
agnes-martin_loving-love.jpg,2.315624999999999,2.7293363213539124
paul-feeley_kilroy-1957.jpg,2.541176470588235,3.005516529083252
morris-louis_apogee-1962.jpg,2.2260869565217387,3.039936125278473
viorel-marginean_unknown-title-3.jpg,6.433333333333334,6.066038608551025
willard-metcalf_the-white-veil-1909.jpg,6.686666666666666,6.659809350967407
agnes-martin_morning-star-1962.jpg,2.7178571428571416,2.833453416824341
edward-hopper_lighthouse-at-two-lights-1929.jpg,6.904347826086957,6.479094624519348
dan-flavin_juan-gris-in-paris-adieu-picabia-1960.jpg,3.428571428571428,4.35965895652771
george-morland_roadside-inn-1790.jpg,7.5434782608695645,6.694549918174744
agnes-martin_untitled-1965.jpg,1.666666666666666,2.235151529312134
ilya-mashkov_still-life.jpg,6.281818181818181,5.375114679336548
henri-edmond-cross_the-mediterranean-coast.jpg,3.6833333333333327,5.657697319984436
kuzma-petrov-vodkin_paris-notre-dame-1924.jpg,6.747826086956522,6.450780034065247
bui-xuan-phai_abstract(4).jpg,2.905263157894737,4.148721098899841
alice-baber_lavender-high-1968.jpg,6.173076923076923,5.317424535751343
morris-louis_vav-1960.jpg,2.314285714285714,3.1990882754325867
janet-fish_turkish-delight-2003.jpg,6.854545454545455,5.61909019947052
julius-leblanc-stewart_the-unfulfilled-wish-1899(1).jpg,6.860869565,6.013059020042419
henri-rousseau_walking-in-the-parc-des-buttes-chaumont-1909.jpg,6.767741934999999,6.57957911491394
ilya-mashkov_fruits-and-tulips-1918.jpg,6.613636363636363,5.207899212837219
edward-hopper_gloucester-mansion.jpg,6.523809523809524,5.932496786117554
jackson-pollock_easter-and-the-totem(1).jpg,2.769565217391304,3.9576759934425354
brice-marden_don-t-bungle-the-jungle-1989.jpg,3.115,3.8283076882362366
paul-cezanne_still-life-bread-and-leg-of-lamb-1866.jpg,3.671875,4.175270199775696
henri-martin_the-gloriette.jpg,6.59047619,6.449342370033264
joseph-wright_the-prisoner.jpg,6.888,6.17018461227417
emil-nolde_flower-garden-1908.jpg,6.2333333333333325,4.937424957752228
boris-kustodiev_ukrainian-landscape-1925.jpg,7.211111111111111,6.2876152992248535
brice-marden_grid-i-lewison-17.jpg,3.13,2.7480587363243103
jo-baer_untitled-1963.jpg,2.333333333333333,2.671516537666321
howard-mehring_all-green-1958.jpg,2.016,2.841833531856537
grandma-moses_not_detected_251622.jpg,6.547058823529412,6.482235789299011
jimmy-ernst_chronicle-1964.jpg,6.74,5.2983540296554565
hans-hofmann_composition-no-1-1953.jpg,2.854166666666667,3.7958168983459473
aki-kuroda_untitled-1998.jpg,3.092,3.8949260115623474
chaim-soutine_herrings-and-a-bottle-of-chianti.jpg,3.530434782608696,3.927713632583618
wu-guanzhong_fragrant-red-leaves-2001.jpg,6.155555555555557,5.08554220199585
howard-hodgkin_all-alone-in-the-museum-of-art-1979.jpg,3.38695652173913,4.7635263204574585
john-miller_asven-beach-goa.jpg,6.778947368421052,5.938998460769653
albrecht-durer_female-nude-1506.jpg,6.204761904761905,4.972043931484222
fernando-botero_the-colombian-based.jpg,3.305555555555556,4.467009603977203
peter-max_without-borders-2011.jpg,6.672222222222224,5.455825924873352
eustache-le-sueur_abduction-of-ganymede.jpg,6.383333333333335,5.537717938423157
edward-hopper_seven-a-m.jpg,6.473333333333333,6.644048094749451
neil-welliver_edwin-before-osprey-nest.jpg,6.531578947,6.109057664871216
john-atkinson-grimshaw_the-heron-s-haunt-1874.jpg,7.882352941176471,6.921988129615784
peter-max_better-world-1993.jpg,6.202941176470588,5.736572742462158
isaac-levitan_italian-landscape-1890.jpg,6.642307692307692,6.027042865753174
eugene-delacroix_a-corner-of-the-studio(1).jpg,6.625,5.637772083282471
milton-resnick_dark-forest-1975.jpg,2.39,2.911536395549774
konstantin-makovsky_summerhouse.jpg,6.771875,6.683594584465027
ferdinand-hodler_forest-with-a-mountain-stream-1902.jpg,6.795454545454545,6.288217306137085
dmitry-levitzky_portrait-of-ursula-mniszech-1782.jpg,6.563157894736841,5.226836800575256
john-mclaughlin_number-6-1963.jpg,2.251999999999999,3.002225160598755
jules-lefranc_laval-porte-beucheresse.jpg,6.574074074074074,6.019202470779419
joan-miro_the-waggon-tracks.jpg,7.372727272727273,5.931296348571777
leroy-neiman_stan-smith.jpg,6.246153846153845,5.47757089138031
nicholas-roerich_himalayas-5.jpg,6.779999999999999,6.1702316999435425
lyonel-feininger_barfuesserkirche-i-1924.jpg,6.7125,5.802803635597229
henri-edmond-cross_family-of-swans.jpg,6.487096774193548,6.056318879127502
betty-parsons_untitled-1950.jpg,3.203703703703704,3.49553644657135
ivan-aivazovsky_battle-of-chios-on-24-june-1770-1848.jpg,7.0407407410000005,6.785631775856018
albrecht-durer_portrait-of-philipp-melanchthon-1526.jpg,3.265517241,5.1762694120407104
henri-fantin-latour_vase-of-peonies-1875.jpg,6.799999999999999,6.208498477935791
robert-ryman_untitled-1976.jpg,2.424137931034483,2.707725167274475
nicholas-roerich_bogdo-ul-1927-1.jpg,6.247826086956522,6.369448304176331
niko-pirosmani_sister-of-mercy.jpg,3.2523809523809524,4.71324235200882
mark-rothko_not_detected_242117.jpg,3.285714285714285,3.9609023928642273
robert-ryman_convert-1988.jpg,2.293548387096774,2.388004809617996
helen-frankenthaler_ponti-1973.jpg,2.84090909090909,3.4336188435554504
morris-louis_7-bronze-1958.jpg,2.433333333333332,3.3667299151420593
friedel-dzubas_untitled.jpg,3.4125,3.804030418395996
dmitry-levitzky_anna-dorothea-louise-schmidt-n-e-baroness-klossen.jpg,6.08,5.170244574546814
george-luks_copley-square.jpg,6.713043478,6.416220664978027
morris-louis_untitled-d11-1949.jpg,2.906896551724138,3.732369542121887
paul-feeley_thruway-1958.jpg,2.487499999999999,3.240419328212738
leonardo-da-vinci_mona-lisa.jpg,8.058823529411764,5.523289442062378
bernardo-bellotto_vienna-the-lobkowitzplatz.jpg,7.926923076923077,6.820581555366516
nicholas-roerich_river-chandra-1932.jpg,6.354545454545455,5.558333992958069
bernardo-bellotto_the-moat-of-the-zwinger-in-dresden.jpg,8.118181818181819,7.067513465881348
grandma-moses_a-beautiful-world-1948.jpg,7.311764705882354,6.669126749038696
aki-kuroda_untitled-2012-1.jpg,3.313043478260869,4.38606858253479
william-turner_the-exile-and-the-snail.jpg,6.537037037037036,5.6867605447769165
caspar-david-friedrich_wc-cross-in-the-mountains-tetschen-altar-1808-1808-new-masters-gallery-dresden-height0-115-cm.jpg,6.451851851851852,6.310997009277344
hiro-yamagata_grand-prix-1981.jpg,6.096,5.418890118598938
neil-welliver_stumps-and-allagash.jpg,6.368,6.315168738365173
joan-mitchell_untitled-1987.jpg,3.191304347826087,4.438917636871338
francisco-goya_still-life-plucked-turkey-and-pan-with-fish-1812.jpg,3.072727272727272,3.7768542766571045
odilon-redon_portrait-of-the-son-of-robert-de-comecy-1898.jpg,6.955555555555556,4.928425550460815
albrecht-durer_linden-tree-on-a-bastion-1494.jpg,6.879999999999999,5.696355104446411
karl-bodmer_the-cusanusstift-in-bernkastel-kues-1831.jpg,7.142105263157895,6.3568878173828125
antoine-blanchard_la-rue-lafayette-et-le-square-montholon.jpg,7.327272727272726,7.061781287193298
paul-delvaux_for-auderghem-1923.jpg,6.912000000000001,6.41614556312561
henri-rousseau_view-of-malakoff-hauts-de-seine-1903.jpg,6.731578947,6.275357604026794
giovanni-antonio-boltraffio_portrait-of-a-lady-as-st-lucy-1500.jpg,6.3,5.329906344413757
franz-kline_scudera-1961.jpg,2.553333333333333,3.4298259019851685
morris-graves_bouquet-for-mary-lea-1957.jpg,5.728571428571429,5.128285884857178
isaac-van-ostade_a-frozen-lake.jpg,6.820689655172414,6.694948673248291
john-hoyland_memphis-1980.jpg,3.126086956521739,3.8535267114639282
antoine-blanchard_le-chatelet.jpg,7.314814814814815,7.151331305503845
pablo-picasso_angel-fernandez-de-soto-with-woman.jpg,3.1,4.841075539588928
marc-chagall_view-over-notre-dame-1980.jpg,3.55,4.582706689834595
joan-snyder_song-cycle-4-2011.jpg,3.3666666666666663,4.3345993757247925
ivan-aivazovsky_night-at-the-rodos-island-1850.jpg,8.432142857142857,6.892919540405273
helen-frankenthaler_air-frame-1965.jpg,2.405,2.9901686310768127
childe-hassam_the-room-of-flowers.jpg,6.812,6.360266804695129
eugene-delacroix_seated-nude-mademoiselle-rose-1824(1).jpg,3.746666666666667,5.328634977340698
jack-bush_apple-blossom-burst-1971.jpg,2.036,3.130221664905548
christen-kobke_a-view-from-dosseringen-near-the-sortedam-lake-looking-towards-the-suburb-n-rrebro-outside-1838.jpg,7.077272727272726,6.60504937171936
konstantin-somov_landscape-with-a-rainbow-1919.jpg,7.4642857142857135,6.613810658454895
park-seo-bo_ecriture-no-020719-2002.jpg,2.254166666666666,3.171403706073761
kenzo-okada_decision-1956.jpg,3.332258064516128,3.518592119216919
mark-rothko_untitled-gray-and-mauve-1969.jpg,2.124,2.7402839064598083
paul-signac_capo-di-noli-1898.jpg,6.778947368421052,6.012390851974487
jamie-wyeth_roots-1971.jpg,7.370833333333334,6.077332496643066
barnett-newman_outcry-1958.jpg,1.578260869565217,2.434161752462387
hiro-yamagata_not-detected-272390.jpg,7.488461538461538,6.10243558883667
canaletto_stonemason-s-yard-1727.jpg,6.4833333333333325,6.834024786949158
philip-pearlstein_iron-bed-and-plastic-chair-1999.jpg,6.119047619047619,4.8691365122795105
eric-fischl_once-where-we-looked-to-put-down.jpg,6.2875,5.9693169593811035
conrad-marca-relli_ibiza-ii-1968.jpg,3.271428571428572,3.839201033115387
childe-hassam_up-the-avenue-from-thirty-fourth-street.jpg,7.4,6.333807706832886
guy-rose_from-the-dining-room-window-1910.jpg,7.360869565,6.664534211158752
camille-bombois_yellow-street-1925.jpg,6.428571428571429,6.133483052253723
edward-hopper_south-truro-church.jpg,6.3950000000000005,6.207119822502136
perle-fine_lair-1948.jpg,2.5318181818181817,3.2739025354385376
perle-fine_cool-series-no-46-spanking-fresh-1963.jpg,2.747058823529412,3.114032745361328
lee-krasner_embrace-1974.jpg,3.2,4.341946542263031
helen-frankenthaler_sanguine-mood-1971.jpg,3.021052631578947,3.4406566619873047
anne-appleby_gem-2003.jpg,2.28695652173913,3.0346551537513733
john-miller_yacht-passing-the-terrace.jpg,6.7625,5.988041162490845
henri-fantin-latour_carnations-1899.jpg,6.760869565,5.846118927001953
henri-fantin-latour_flowers-in-a-vase-1881.jpg,6.556521739130434,5.969577431678772
mstislav-dobuzhinsky_synagogue.jpg,6.390476190476191,5.925770401954651
neil-welliver_maine-woodland-png-1970.jpg,6.36,6.620723009109497
carl-larsson_harvesting-ice-1905(1).jpg,6.632,5.950455665588379
nicholas-roerich_frosty-mongolia.jpg,6.062962962962962,6.160053014755249
john-french-sloan_sunset-west-twenty-third-street-1906.jpg,7.504761904761905,6.618916392326355
camille-pissarro_peasant-girl-drinking-her-coffee-1881.jpg,6.3,5.8031922578811646
louis-schanker_abstract-composition-1944.jpg,2.9,3.3105430006980896
paul-gauguin_a-breton-boy-1889-1.jpg,3.133333333333333,3.8070380687713623
mark-tobey_the-awakening-night-1974.jpg,2.36875,4.621312320232391
lev-lagorio_southern-landscape-1866.jpg,8.203448275862069,6.628085970878601
konstantin-bogaevsky_dnieprostroy.jpg,6.663157894736843,6.142558455467224
helen-frankenthaler_reflections-viii-1995.jpg,2.35,3.5417813062667847
jacob-isaakszoon-van-ruisdael_tower-mill-at-wijk-bij-duurstede-netherlands-1670.jpg,7.333333333333333,7.108731269836426
john-henry-twachtman_the-cascade.jpg,6.525,5.6188154220581055
mark-rothko_no-61-rust-and-blue.jpg,2.385,3.0866089463233948
ad-reinhardt_abstract-painting-1961.jpg,2.146666666666666,2.3933354020118713
kuzma-petrov-vodkin_violin-1918.jpg,7.246666666666667,5.950488448143005
frank-stella_carl-andre-from-the-purple-series-1972.jpg,3.311111111111112,3.3838924765586853
joseph-wright_convent-of-san-cosimato-and-part-of-the-claudian-aqueduct-near-vicovaro-in-the-roman-campagna.jpg,7.029166666666667,6.427940726280212
pablo-picasso_las-meninas-velazquez.jpg,3.352380952380952,3.8864916563034058
cy-twombly_hero-and-leandro-a-painting-in-four-parts-part-i.jpg,6.403846153846153,4.801254570484161
perle-fine_cool-series-no-15-the-very-end-1963.jpg,3.036842105263158,3.3401113748550415
ivan-aivazovsky_view-of-the-ayu-dag-crimea-1868.jpg,7.339393939393939,7.10178017616272
paul-feeley_julius-1960.jpg,2.640909090909091,3.006139397621155
jose-guerrero_intervalos-azules-1971.jpg,2.730769230769231,3.0112871527671814
bela-czobel_still-life-in-yellow-1960.jpg,2.659259259259259,3.7509319186210632
willard-metcalf_blossom-time.jpg,7.404000000000001,6.508160829544067
conrad-marca-relli_ibiza-iii-1967.jpg,2.63,3.119438886642456
joan-mitchell_untitled-1962.jpg,3.4772727272727275,4.355453252792358
henri-martin_garden-of-labastide-du-ver-in-marquayrol.jpg,6.695454545454545,6.733220219612122
gene-davis_triple-jump-1962.jpg,3.15,3.2397034764289856
jean-baptiste-simeon-chardin_basket-of-peaches-1768.jpg,6.644117647058822,5.76569139957428
helen-frankenthaler_west-wind-1997.jpg,2.871428571428571,3.926389217376709
alphonse-mucha_champagne-printer-publisher-1897.jpg,7.06875,5.958898067474365
francesco-guardi_campo-santi-giovanni-e-paolo-1763.jpg,7.078260869565217,6.490310430526733
gene-davis_prince-albert-1978.jpg,2.7041666666666657,3.0284667015075684
elaine-de-kooning_torchlight-cave-drawing-i-1985.jpg,2.79047619047619,4.148505628108978
henri-fantin-latour_bowl-of-fruit-1857.jpg,6.45,5.889146327972412
henri-edmond-cross_les-petits-montagnes-mauresques.jpg,6.357692307692309,5.810337662696838
franz-richard-unterberger_motio-of-lake-garda.jpg,7.2370370370370365,6.973686218261719
gerard-fromanger_jean-paul-sartre-1976.jpg,6.296,5.356791019439697
helen-frankenthaler_connected-by-joy-1970.jpg,2.573684210526316,2.9946625232696533
gene-davis_pink-stripe-1960.jpg,1.5954545454545448,2.5891345739364624
le-pho_the-three-bathers-1938.jpg,6.333333333333334,4.983803927898407
jack-youngerman_greengage-1962.jpg,3.185714285714286,3.743635416030884
esaias-van-de-velde_winter-landscape-1629.jpg,7.005555555555556,6.377533674240112
karl-bodmer_magic-pile-erected-by-the-assiniboin-indians-plate-15-from-volume-1-of-travels-in-the-interior-1843.jpg,6.595652173913043,5.7398563623428345
aldo-mondino_untitled-1960.jpg,2.814285714285714,3.9604103565216064
nicholas-roerich_pechora-a-large-belfry-1903(2).jpg,6.604000000000001,4.88162636756897
abraham-manievich_beyond-the-trees.jpg,6.42,5.945056676864624
joshua-reynolds_mrs-thrale-and-her-daughter-hester-queeney-1778.jpg,6.62,5.960286259651184
georges-seurat_alfalfa-st-denis-1886.jpg,6.715789473684211,5.106382369995117
jose-guerrero_frigiliana-1985.jpg,1.963636363636364,2.91128933429718
hedda-sterne_further-i-1989.jpg,6.465217391304348,5.335641503334045
claude-monet_water-lilies-1919-5.jpg,6.445161290322581,6.423730254173279
romare-bearden_untitled-1959-2.jpg,2.772,3.7342140078544617
agnes-martin_the-islands-1979.jpg,2.516,2.7423566579818726
edward-hopper_early-sunday-morning.jpg,6.453571428571429,5.7302528619766235
hercules-seghers_landscape.jpg,7.811764705882354,6.281470060348511
dan-christensen_kaitos-1968.jpg,2.0,3.7903743982315063
ivan-shishkin_fir-forest.jpg,7.513333333333334,6.535114645957947
edward-hopper_valley-of-the-seine.jpg,6.559999999999999,6.037704348564148
morris-louis_tet-1958.jpg,3.025,4.036968648433685
frederic-bazille_forest-of-fontainebleau.jpg,5.9875,6.410845518112183
ion-pacea_peisaj-de-litoral-1973.jpg,2.918181818181818,3.2933345437049866
bernardo-bellotto_view-of-verona-and-the-river-adige-from-the-ponte-nuovo-1747.jpg,7.191304347826088,6.980816721916199
giovanni-boldini_nude.jpg,6.1875,5.4174745082855225
camille-pissarro_meadows-at-eragny-1886.jpg,6.627586206896552,6.154125332832336
konstantin-vasilyev_above-the-bonfire.jpg,7.253846153846153,6.380157470703125
camille-pissarro_pear-trees-and-flowers-at-eragny-morning-1886.jpg,7.131578947,6.261833310127258
joshua-reynolds_adam-ferguson-1782.jpg,6.381481481481481,5.403736233711243
jacob-isaakszoon-van-ruisdael_road-through-corn-fields-near-the-zuider-zee-1662.jpg,7.014285714285714,6.746019721031189
howard-hodgkin_strictly-personal-2001.jpg,3.2526315789473683,3.4528443217277527
bernardo-bellotto_view-of-dresden-from-the-right-bank-of-the-elbe-with-the-augustus-bridge-1748.jpg,8.288888888888888,6.841267943382263
carl-larsson_the-verandah(1).jpg,7.439999999999999,6.473326683044434
mark-rothko_not_detected_242135.jpg,2.752,3.0159199237823486
franz-richard-unterberger_amalfi.jpg,7.627272727272727,6.97469174861908
boris-kustodiev_autumn-1915.jpg,7.199999999999999,6.603817939758301
mary-fedden_jug-and-four-eggs-1967.jpg,2.78,4.072501957416534
jules-lefranc_les-bouquinistes-devant-notre-dame-1935.jpg,7.119230769,5.826881527900696
helen-frankenthaler_guadalupe-1989.jpg,2.281818181818181,3.3178165555000305
peter-paul-rubens_summer.jpg,6.544444444444444,6.485262513160706
cy-twombly_untitled-17.jpg,2.94,3.5899895429611206
philip-guston_untitled-3.jpg,3.31,4.182564318180084
frank-johnston_the-dark-woods-interior-1921.jpg,6.7,6.511823534965515
andre-bauchant_vase-aux-tulipes-1926.jpg,6.534615384615384,5.967473983764648
henri-edmond-cross_cypress-april.jpg,6.409090909,5.874884128570557
conrad-marca-relli_fortune-teller.jpg,3.331818181818182,3.676719069480896
jamie-wyeth_island-roses.jpg,6.735714285714286,6.451040506362915
cy-twombly_camino-real-ii.jpg,2.47,3.8644662499427795
olexandr-archipenko_seated-female-nude-with-left-leg-bent.jpg,3.703030303030303,4.825424551963806
franz-kline_blueberry-eyes-1960.jpg,3.576190476190476,4.0030694007873535
helen-frankenthaler_untitled-1980.jpg,2.8105263157894727,3.9408832788467407
henri-edmond-cross_the-cypresses-at-cagnes-1908.jpg,6.860714285714286,5.874768495559692
henri-fantin-latour_roses-and-nasturtiums.jpg,6.426315789473684,5.675990581512451
sir-lawrence-alma-tadema_pandora-1881.jpg,6.9125,5.987395644187927
theodor-severin-kittelsen_skjaerer.jpg,6.107142857142857,5.339877009391785
mark-rothko_cubierta.jpg,1.830434782608695,3.1344306468963623
henri-de-toulouse-lautrec_m-praince-1893.jpg,3.359090909090909,3.8028451800346375
joseph-wright_the-children-of-hugh-and-sarah-wood-of-swanwick-derbyshire.jpg,6.908823529411765,5.552743673324585
salvador-dali_rhinocerotic-figures.jpg,3.4758620689655166,3.8526812195777893
lavinia-fontana_portrait-of-a-noblewoman-1580.jpg,6.5,5.339945554733276
albrecht-durer_house-by-a-pond.jpg,6.781818181818181,6.371827721595764
nicholas-krushenick_pumpkin-1998.jpg,3.388235294117647,4.590385854244232
bernardo-bellotto_the-freyung-1761.jpg,7.0115384615384615,6.687399744987488
hans-hofmann_little-cherry-1965.jpg,3.230769230769231,3.8305839896202087
john-henry-twachtman_the-rapids-yellowstone.jpg,6.207407407407408,5.486401915550232
george-stubbs_the-moose.jpg,6.799999999999999,6.119784712791443
jamie-wyeth_lattice-work-1967.jpg,6.271428571428572,5.249292254447937
claude-monet_port-d-amount-etretat.jpg,7.313793103448276,5.877289772033691
henri-fantin-latour_rose-trees-white-roses-1875.jpg,6.5760000000000005,6.695340275764465
agostino-carracci_landscape-with-bathers-1599.jpg,7.77,6.238795518875122
janet-fish_white-tulips-1999.jpg,6.994736842105263,5.646018385887146
daniel-dezeuze_untitled-1979.jpg,2.752,2.9346245527267456
boris-kustodiev_blue-house-1920.jpg,6.372222222222222,6.028262376785278
agnes-martin_falling-blue-1963.jpg,2.5354838709677416,2.63042151927948
peter-paul-rubens_landscape-with-a-watering-place.jpg,7.34705882352941,6.4762890338897705
perle-fine_charcoal-red-winter-1960.jpg,2.7857142857142856,4.149445593357086
istvan-ilosvai-varga_the-portrait-of-my-wife-1941.jpg,3.573333333333333,4.932465851306915
jamie-wyeth_foot-1973.jpg,7.275,6.4558809995651245
domenico-ghirlandaio_ludovica-tornabuoni.jpg,6.463636363636364,5.582068562507629
audrey-flack_macarena-esperanza-1971.jpg,6.380952380952381,5.468023419380188
claude-monet_vetheuil-4.jpg,6.792857142857143,6.145208477973938
robert-ryman_conversion-2003.jpg,2.074074074074074,2.8120186924934387
sir-lawrence-alma-tadema_hadrian-visiting-a-romano-british-pottery-1884.jpg,6.44,6.00150465965271
francisc-sirato_aristocrat-portrait-lila-artist-s-niece-1933.jpg,3.634782608695653,5.203673243522644
adolphe-joseph-thomas-monticelli_bouquet-of-flowers.jpg,6.278260869565218,5.61764121055603
paul-feeley_sterope-1957.jpg,2.879166666666668,3.386925458908081
albrecht-durer_innsbruck-seen-from-the-north.jpg,6.438095238095238,6.089984774589539
piero-di-cosimo_maria-magdalena-1510.jpg,6.720000000000001,5.5889832973480225
franz-richard-unterberger_the-view-from-the-balcony.jpg,7.408695652173913,7.18883752822876
paul-signac_comblat-and-the-valley-of-the-cere.jpg,6.718181818181819,6.436888575553894
gustave-loiseau_the-red-painted-house.jpg,6.716666666666667,6.237384080886841
annibale-carracci_not_detected_234546.jpg,6.782142857142857,6.440154314041138
eric-fischl_the-travel-of-romance.jpg,6.45,5.606711506843567
joachim-patinir_landscape-with-the-flight-1524.jpg,7.077272727272726,6.35617733001709
joan-miro_not_detected_227945.jpg,2.66,3.809470534324646
nicholas-roerich_all-ridge-1924.jpg,6.357142857142857,6.152799725532532
camille-corot_repose-1860.jpg,6.475,5.779815316200256
neil-welliver_illusory-flowage.jpg,7.077272727272726,6.406986117362976
ivan-shishkin_birch-grove-1875.jpg,7.528571428571428,6.933965086936951
franz-richard-unterberger_rio-st-geronimo-venice.jpg,7.145833333333334,7.0497119426727295
canaletto_the-piazzetta-looking-toward-the-clock-tower.jpg,7.6,6.781904101371765
pablo-picasso_reclining-nude-1908-1.jpg,3.185,4.266843199729919
vasily-polenov_erechtheion-the-portico-of-caryatids-1882-1.jpg,6.625,6.132375597953796
ivan-bilibin_crimea-batiliman-1940(1).jpg,6.503703703703704,6.14930272102356
peter-paul-rubens_the-three-caryatids.jpg,5.678571428571429,4.9579209089279175
cy-twombly_landscape.jpg,3.396428571428572,3.7050238251686096
vasily-polenov_the-river-valley-in-bulgaria-1883.jpg,6.652941176470588,6.43808126449585
alighiero-boetti_immaginando-tutto-1982.jpg,3.276190476190476,3.9379844069480896
martiros-saryan_date-palm-1911.jpg,6.137931034482759,5.172032713890076
neil-welliver_light-in-brook.jpg,6.707692307692308,6.229343414306641
jules-lefranc_espalion-en-auvergne.jpg,7.395999999999999,6.371184587478638
candido-portinari_meio-ambiente-1934.jpg,6.346428571428573,5.60207724571228
paul-signac_the-entrance-to-the-port-of-marseille.jpg,6.585714285714285,6.200723648071289
george-luks_city-scene.jpg,6.8583333333333325,5.83496630191803
doug-ohlson_black-and-white-form-1962.jpg,3.0125,3.602502942085266
john-singer-sargent_fa-ade-of-a-palazzo-girgente-sicily.jpg,6.550000000000001,5.436838269233704
vasily-sadovnikov_interior-of-trinitarian-church-in-vilnius-lithuania-1846.jpg,6.817857142857143,6.933339834213257
konstantin-makovsky_girl-with-a-yoke.jpg,6.821428571428571,6.37780487537384
anthony-van-dyck_portrait-of-the-painter-cornelis-de-wae.jpg,6.116666666666665,5.610175132751465
gustave-dore_a-canyon-1878.jpg,7.279999999999999,6.4604562520980835
agnes-martin_on-a-clear-day-1-1973.jpg,2.109090909090908,2.768736481666565
konstantin-somov_young-woman-asleep.jpg,6.6,5.412827134132385
howard-hodgkin_girl-at-night-1966.jpg,5.8277777777777775,4.232747554779053
fernando-botero_spanish.jpg,3.069696969696969,3.6481165885925293
clyfford-still_ph-1033-1976.jpg,3.113043478260869,4.024779200553894
alfred-jensen_untitled-1960.jpg,2.904347826086956,3.4639722108840942
edgar-degas_seated-bather-1899.jpg,6.506666666666666,5.587369799613953
edward-corbett_untitled-1951.jpg,2.799999999999999,5.054406523704529
felix-vallotton_reclining-nude-on-a-couch.jpg,5.85,5.140436887741089
mostafa-dashti_untitled-1993(1).jpg,6.461904761904762,5.456550121307373
bernardo-bellotto_zwinger-waterway-1750.jpg,7.277777777777777,6.975669264793396
anna-ostroumova-lebedeva_crimea-koktebel-ruins-of-kordon.jpg,6.3533333333333335,5.7195258140563965
konstantinos-volanakis_seashore-of-poros.jpg,7.616666666666667,6.579696536064148
oskar-kokoschka_not_detected_235893.jpg,6.903448275862068,5.97566545009613
olivier-debre_touraine-automne-jaune-rose.jpg,2.505,4.060217440128326
bernardo-bellotto_the-schloss-hof-garden-side-1758.jpg,7.872,6.892603039741516
gene-davis_peach-glow-1958.jpg,1.975,2.8277361392974854
brice-marden_the-studio-1990.jpg,2.7833333333333323,3.9355874061584473
claude-monet_chrysanthemums-1878.jpg,6.372413793103448,5.831870436668396
henri-rousseau_landscape-on-the-banks-of-the-bievre-at-becetre-1909.jpg,7.147619047619048,6.258116960525513
henri-edmond-cross_aguttes.jpg,6.285185185185186,5.262126326560974
claude-monet_water-lilies-35.jpg,6.848148148148148,5.797290802001953
francois-boucher_landscape-near-beauvais-early-1740.jpg,7.295454545454545,6.540206074714661
esteban-vicente_zarzuela-1982.jpg,2.7193548387096778,3.8367804884910583
neil-welliver_new-dams-in-meadow.jpg,7.35,6.7774248123168945
henri-martin_view-of-the-terrasse-de-marquayrol-labastide-du-vert-1935.jpg,6.725,6.190472841262817
eva-gonzales_roses-in-a-glass.jpg,6.542307692307691,6.043228507041931
basil-beattie_untitled-drawing-2000-1.jpg,2.923809523809524,3.644593358039856
bernardo-bellotto_freyung-in-vienna-view-from-the-southeast-1758.jpg,6.5920000000000005,6.885278224945068
basil-beattie_untitled-drawing-2002-2.jpg,3.2777777777777777,3.844487965106964
hans-hofmann_renate-s-nantucket-1965.jpg,3.078260869565217,4.031682014465332
bernardo-bellotto_rome-view-of-the-piazza-di-san-giovanni-in-laterano.jpg,7.422580644999998,6.721154451370239
nicholas-roerich_himalayas-1938.jpg,6.866666666666667,6.020293235778809
maurice-prendergast_still-life-with-flowers.jpg,6.605263157894737,5.5479496717453
andrei-ryabushkin_red-house.jpg,6.629032258064517,6.184656023979187
louis-schanker_green-forms-1957.jpg,2.552941176470588,4.088315367698669
adriaen-van-de-velde_the-hut-1671.jpg,7.005555555555556,6.8084269762039185
paul-brach_the-negative-way-9-1964.jpg,2.319999999999999,2.9083311557769775
henri-matisse_seated-figure-tan-room-1918.jpg,3.422222222222222,4.490753412246704
cornelis-springer_walstraatje-in-harderwijk.jpg,7.342857142857143,6.890503168106079
raphael-kirchner_love-thoughts-1900.jpg,6.138709677419355,5.471814274787903
ilya-repin_double-portrait-of-natalia-nordmann-and-ilya-repin-1903.jpg,6.882352941176471,5.2406615018844604
paul-bril_landscape-1.jpg,7.083870967741936,6.4701008796691895
jamie-wyeth_monhegan-s-schoolteacher-2004.jpg,6.514285714285714,5.667092204093933
georges-braque_the-pink-napkin-1933.jpg,3.22962963,4.053524434566498
kazuo-nakamura_time-and-space-series-1-1974.jpg,2.268421052631579,3.433898091316223
georges-seurat_the-channel-of-gravelines-petit-fort-philippe-1890.jpg,6.79047619,5.853965878486633
frank-stella_casa-cornu-first-version-1969.jpg,3.009090909090909,3.0713388323783875
albrecht-altdorfer_danube-landscape-near-regensburg-with-the-scarecrow-hill.jpg,7.261904761904762,6.5826475620269775
hiro-yamagata_not-detected-272397.jpg,7.086666666666666,5.73314905166626
claude-monet_poplars-on-the-epte.jpg,7.044117647058823,5.970185995101929
mikhail-lebedev_rome-in-the-morning-1835.jpg,6.799999999999999,6.145245432853699
canaletto_venice-viewed-from-the-san-giorgio-maggiore.jpg,6.8392857142857135,6.3134461641311646
childe-hassam_union-square-in-spring.jpg,7.070967741935483,6.327044367790222
camille-pissarro_the-louvre-winter-sunshine-morning-1900.jpg,7.081818181818181,6.8168044090271
eric-fischl_portrait-of-a-couple-steve-and-anne-in-la.jpg,6.823809523809524,5.585251450538635
john-henry-twachtman_niagara-falls-1.jpg,6.833333333333334,6.0633039474487305
barnett-newman_fifth-station-1960.jpg,2.915999999999999,3.0746686458587646
jean-david_refinery.jpg,3.488235294117647,4.674488008022308
fernando-botero_bishop.jpg,3.145833333333333,3.791821002960205
john-singer-sargent_portrait-of-grace-elvina-marchioness-curzon-of-kedleston-1925.jpg,6.58,5.791723132133484
henri-edmond-cross_rio-san-trovaso-venice-1904.jpg,6.783333333333333,6.496108174324036
agnolo-bronzino_portrait-of-nano-morgante-1552.jpg,3.2629629629629617,3.6146005988121033
helen-frankenthaler_untitled-1963.jpg,2.435714285714286,3.5880768299102783
nicholas-krushenick_ancient-image-1984.jpg,3.4269230769230767,3.686634600162506
bernardo-bellotto_schloss-schonbrunn-1760.jpg,6.947368421052632,6.772249341011047
henri-rousseau_view-of-parc-de-montsouris-1895.jpg,6.609523810000001,6.45621657371521
jack-bush_red-m-1971.jpg,2.345454545454544,3.3548104763031006
anne-appleby_snow-2011.jpg,2.426315789473684,3.149435520172119
joan-miro_blue-i-1961.jpg,2.742857142857143,3.933700919151306
jack-bush_blue-green-split-1964.jpg,2.817391304347826,3.223126232624054
mikalojus-ciurlionis_deluge-iv-1904-1.jpg,3.504,4.858015775680542
manuel-neri_collage-painting-no-1-1959.jpg,3.45925925925926,3.9251795411109924
bradley-walker-tomlin_number-9-in-praise-of-gertrude-stein-1950.jpg,3.05,3.4331852197647095
edouard-cortes_omnibus-on-the-place-de-la-madeleine.jpg,7.295652173913043,7.218303680419922
henri-rousseau_the-toll-house-1890.jpg,6.526923076923078,5.923373103141785
mikhail-vrubel_venice-bridge-of-sighs-1894.jpg,7.172,6.1738234758377075
caspar-david-friedrich_bohemian-landscape-1.jpg,8.156,7.31792151927948
louis-cane_papier-d-coup-et-coll-1967.jpg,2.966666666666667,3.944169580936432
marc-chagall_nude-1913.jpg,3.266666666666666,4.326229691505432
cornelis-vreedenburgh_corvershof-nieuw-heerengracht.jpg,6.822222222222223,6.606545448303223
bernardo-bellotto_entry-into-rome-of-jerzy-ossolinski-emissary-of-wladyslaw-iv-of-poland-with-pope-urban-viii-1778.jpg,6.354545454545455,6.312935948371887
claude-monet_valley-of-falaise.jpg,6.404347826086957,5.964710712432861
michelangelo_ignudo-13.jpg,3.761111111111112,4.747120440006256
patrick-caulfield_sausage-1978.jpg,3.253571428571429,4.325491786003113
albrecht-altdorfer_mountain-range-1530.jpg,6.788888888888889,5.902320146560669
franklin-carmichael_grace-lake-1934.jpg,6.892307692307692,6.147937774658203
josefa-de-obidos_still-life-1676.jpg,6.455555555555556,5.83257794380188
dmitry-levitzky_portrait-of-maria-alexeevna-lvova-1781.jpg,6.490909091000001,5.4504477977752686
henri-fantin-latour_roses-1871.jpg,6.784210526315789,6.228761076927185
alex-hay_past-time-2007.jpg,3.147619047619047,4.146243929862976
peter-paul-rubens_the-abduction-of-ganymede-1612.jpg,6.796296296296296,5.977289080619812
fyodor-vasilyev_volga-lagoon.jpg,7.625,6.845980882644653
lovis-corinth_woman-with-lilies-in-a-greenhouse-1911.jpg,6.8954545454545455,5.754486918449402
conrad-marca-relli_taos-2-1961.jpg,2.841176470588235,3.239264190196991
david-burliuk_woman-with-child.jpg,3.188235294117648,3.990808427333832
anne-truitt_one-may-1976.jpg,2.4954545454545447,2.6722052693367004
conrad-marca-relli_untitled-1978.jpg,3.1,4.18892115354538
manabu-mabe_untitled-1.jpg,2.775999999999999,4.1067904233932495
niko-pirosmani_a-paschal-lamb-1914.jpg,3.35,3.9263656735420227
andy-warhol_jane-fonda.jpg,6.682142857142857,5.55772066116333
claude-monet_bennecourt.jpg,6.563333333333334,6.416058540344238
agnes-martin_untitled-1994.jpg,2.457575757575757,3.0882394313812256
canaletto_london-westminster-bridge-under-repair-1749.jpg,6.469230769000001,6.0282450914382935
mark-tobey_not-identified-2.jpg,2.6166666666666663,3.271586298942566
aelbert-cuyp_river-landscape-with-horseman-and-peasants-1660.jpg,7.865,6.778154969215393
william-h.-johnson_get-the-war-going-1942.jpg,3.680769230769231,5.005953907966614
marevna-(marie-vorobieff)_not-identified-6.jpg,6.527586206896553,5.376771688461304
jamie-wyeth_mcgee-s-1971.jpg,6.825925925925925,6.181202530860901
gene-davis_composition-i-1949.jpg,2.865217391304347,3.771088421344757
friedel-dzubas_untitled-abstraction-1974.jpg,2.311111111111111,3.4476634860038757
paul-reed_14d-1964.jpg,3.2043478260869565,3.4724119305610657
mark-rothko_untitled.jpg,3.169565217391304,4.040330648422241
leroy-neiman_rocky-balboa.jpg,6.15909090909091,5.0307101011276245
peter-busa_untitled-1964.jpg,2.668,3.500131070613861
jo-baer_cardinations-1974.jpg,2.945,3.2412880659103394
alfred-sisley_the-saint-martin-canal-1872.jpg,6.547826086956522,6.797313690185547
mark-rothko_number-24-untitled-1951.jpg,2.551724137931034,3.100222945213318
konstantin-makovsky_beauty-preparing-to-bathe.jpg,6.304545454545455,5.555243492126465
henri-fantin-latour_roses-1882.jpg,6.681818181818182,6.521867513656616
frank-stella_delaware-crossing-1967.jpg,2.354545454545454,3.225269615650177
hans-hofmann_untitled-1941.jpg,2.4,4.2291077971458435
alexander-shilov_nude-1991(3).jpg,6.517647058823529,4.9722036719322205
alphonse-mucha_carnation-1.jpg,7.431578947,6.224824786186218
conrad-marca-relli_untitled-1960.jpg,3.559090909090909,3.5658755898475647
eric-fischl_fred.jpg,6.189655172413793,5.769474506378174
francois-boucher_landscape-with-the-brother-lucas.jpg,6.895238095238094,6.3440293073654175
perle-fine_encounter-aka-brouhaha-3-1959.jpg,3.252173913043478,3.529098629951477
joan-mitchell_le-chemin-des-ecoliers-1960.jpg,3.3150000000000004,4.252316355705261
claude-viallat_untitled-no-56-1996.jpg,3.023076923076923,3.1628933548927307
camille-corot_la-rochelle-quarry-near-the-port-entrance-1851.jpg,6.782608695652174,5.887816548347473
canaletto_the-thames-and-the-city-of-london-from-richmond-house-1746.jpg,7.514285714285714,7.131250500679016
niko-pirosmani_hunting-and-views-of-the-black-sea-1912.jpg,6.9944444444444445,5.486474633216858
john-miller_heat-and-dust.jpg,6.783333333333333,6.43179178237915
maurice-quentin-de-la-tour_portrait-of-alexandre-jean-joseph-le-riche-de-la-pouplini-re-1.jpg,6.431578947,4.907394647598267
mark-tobey_not-identified.jpg,2.8120000000000003,3.55196475982666
hercules-seghers_mountain-valley-with-fenced-fields.jpg,6.665000000000001,5.593624114990234
gene-davis_raspberry-icicle-1967.jpg,2.855555555555556,3.797091841697693
miklos-barabas_portrait-of-emperor-franz-joseph-i-1853.jpg,6.4727272727272736,5.54973840713501
ding-yanyong_red-lady.jpg,3.212,3.778168559074402
ferdynand-ruszczyc_nec-mergitur-1905.jpg,6.904761904761905,6.543231010437012
helen-frankenthaler_blessing-of-the-fleet-1969.jpg,2.763333333333333,2.852587401866913
konstantin-makovsky_roses.jpg,6.561904761904762,6.4240962266922
niko-pirosmani_girl-with-a-baloon.jpg,2.983333333333333,3.6624738574028015
